GCCSA_CODE_2016,Sme_Usl_ad_1_yr_ago_as_2016_M,Sme_Usl_ad_1_yr_ago_as_2016_F,Sme_Usl_ad_1_yr_ago_as_2016_P,Dif_Usl_ad_1_yr_ago_Sme_SA2_M,Dif_Usl_ad_1_yr_ago_Sme_SA2_F,Dif_Usl_ad_1_yr_ago_Sme_SA2_P,Dif_Us_ad_1_ago_Dif_SA2_NSW_M,Dif_Us_ad_1_ago_Dif_SA2_NSW_F,Dif_Us_ad_1_ago_Dif_SA2_NSW_P,Dif_Us_ad_1_ago_Dif_SA2_Vic_M,Dif_Us_ad_1_ago_Dif_SA2_Vic_F,Dif_Us_ad_1_ago_Dif_SA2_Vic_P,Dif_Us_ad_1_ago_Dif_SA2_Qld_M,Dif_Us_ad_1_ago_Dif_SA2_Qld_F,Dif_Us_ad_1_ago_Dif_SA2_Qld_P,Dif_Us_ad_1_ago_Dif_SA2_SA_M,Dif_Us_ad_1_ago_Dif_SA2_SA_F,Dif_Us_ad_1_ago_Dif_SA2_SA_P,Dif_Us_ad_1_ago_Dif_SA2_WA_M,Dif_Us_ad_1_ago_Dif_SA2_WA_F,Dif_Us_ad_1_ago_Dif_SA2_WA_P,Dif_Us_ad_1_ago_Dif_SA2_Tas_M,Dif_Us_ad_1_ago_Dif_SA2_Tas_F,Dif_Us_ad_1_ago_Dif_SA2_Tas_P,Dif_Us_ad_1_ago_Dif_SA2_NT_M,Dif_Us_ad_1_ago_Dif_SA2_NT_F,Dif_Us_ad_1_ago_Dif_SA2_NT_P,Dif_Us_ad_1_ago_Dif_SA2_ACT_M,Dif_Us_ad_1_ago_Dif_SA2_ACT_F,Dif_Us_ad_1_ago_Dif_SA2_ACT_P,Dif_Us_ad_1_ago_Dif_SA2_OT_M,Dif_Us_ad_1_ago_Dif_SA2_OT_F,Dif_Us_ad_1_ago_Dif_SA2_OT_P,Dif_Us_ad_1_ago_Dif_SA2_Tot_M,Dif_Us_ad_1_ago_Dif_SA2_Tot_F,Dif_Us_ad_1_ago_Dif_SA2_Tot_P,Difnt_Usl_add_1_yr_ago_OS_M,Difnt_Usl_add_1_yr_ago_OS_F,Difnt_Usl_add_1_yr_ago_OS_P,Difnt_Usl_add_1_yr_ago_Ns_M,Difnt_Usl_add_1_yr_ago_Ns_F,Difnt_Usl_add_1_yr_ago_Ns_P,Difnt_Usl_add_1_yr_ago_Tot_M,Difnt_Usl_add_1_yr_ago_Tot_F,Difnt_Usl_add_1_yr_ago_Tot_P,N_stated_M,N_stated_F,N_stated_P,Tot_M,Tot_F,Tot_P
9OTER,1597,1575,3171,60,64,125,55,45,101,13,8,22,41,24,63,7,9,15,49,43,89,0,0,0,10,9,12,19,17,36,3,3,5,198,145,345,33,36,70,9,3,13,294,258,550,523,236,756,2422,2061,4477
99799,4,0,4,0,0,0,0,0,0,0,0,0,0,0,0,0,0,0,0,0,0,0,0,0,0,0,0,0,0,0,0,0,0,0,0,3,0,0,0,0,0,0,0,0,3,0,0,0,3,0,6
99499,13,8,21,0,0,0,0,0,0,0,4,10,3,0,8,0,0,0,4,0,6,0,0,0,0,0,0,0,0,0,0,0,0,5,13,20,0,4,4,0,3,3,5,22,28,0,3,9,24,28,50
8ACTE,144451,150035,294482,2801,2880,5682,4627,4945,9576,1232,1255,2485,1256,1321,2577,396,424,821,515,476,998,127,146,267,228,200,434,16763,17116,33878,17,15,34,25161,25901,51060,4557,4844,9397,381,326,713,32909,33952,66855,15403,14982,30386,192763,198963,391730
89799,0,0,0,0,0,0,0,0,0,0,0,0,0,0,0,0,0,0,0,0,0,0,0,0,0,0,0,0,0,0,0,0,0,0,0,0,0,0,0,0,0,0,0,0,0,0,0,0,0,0,0
89499,60,41,98,31,14,47,20,28,43,3,3,6,10,8,18,3,3,7,0,5,6,0,0,0,0,0,0,61,61,122,0,0,0,103,110,211,21,23,45,8,5,14,165,153,319,86,35,125,312,226,538
7RNTE,32322,32204,64521,1241,1289,2532,394,417,810,341,349,687,663,611,1278,273,272,542,214,236,444,25,22,47,1982,2000,3986,39,39,79,3,0,3,3924,3948,7876,439,515,949,439,457,894,6041,6201,12247,6251,5125,11377,44619,43532,88152
7GDAR,45097,41819,86924,1519,1442,2959,794,698,1489,775,697,1471,1514,1302,2814,443,423,865,813,699,1512,66,59,119,7284,7132,14415,101,90,190,4,3,4,11792,11100,22889,1463,1594,3061,263,207,464,15030,14342,29369,10733,7755,18488,70858,63916,134773
79799,45,10,52,0,0,0,0,0,0,0,0,0,3,0,3,0,0,0,0,0,0,0,0,0,0,0,0,0,0,0,0,0,0,3,0,3,0,0,0,0,0,0,3,0,7,10,4,19,61,14,70
79499,370,269,639,92,73,167,73,73,145,64,68,126,114,105,215,27,18,46,56,60,116,4,8,8,118,109,222,3,4,7,0,0,0,452,450,900,34,64,94,9,6,21,588,591,1185,361,290,654,1321,1151,2476
6RTAS,110212,113512,223728,4194,4645,8839,705,710,1415,672,689,1365,854,928,1790,213,192,405,454,456,912,8907,9849,18750,96,101,198,36,38,75,4,0,10,11938,12971,24911,793,738,1523,262,255,523,17187,18609,35794,12088,12135,24228,139488,144257,283747
6GHOB,83025,88501,171526,2608,2819,5430,484,541,1028,655,695,1351,600,606,1205,133,131,269,254,271,523,8391,9098,17490,90,87,171,58,68,131,0,3,3,10668,11498,22164,1116,1297,2418,248,200,449,14643,15818,30462,8971,8926,17893,106637,113251,219888
69799,32,16,47,0,0,0,0,0,0,3,0,3,0,0,0,0,0,0,0,0,0,3,3,9,0,0,0,0,0,0,0,0,0,10,7,13,3,0,3,0,0,0,11,7,22,4,0,9,49,21,68
69499,112,66,176,46,30,72,10,16,32,19,10,31,25,31,59,3,6,13,9,13,24,127,126,253,5,0,4,4,0,4,0,0,0,207,205,415,20,21,39,3,3,8,279,258,540,128,63,188,516,391,909
5RWAU,192985,183971,376950,14482,14968,29448,720,566,1295,668,564,1231,1466,925,2389,371,303,676,20746,19823,40570,170,147,320,333,333,663,24,28,50,19,11,33,24523,22699,47223,1989,2126,4120,1032,969,1998,42019,40768,82787,32567,25421,57991,267569,250158,517726
5GPER,715593,735620,1451214,27701,28504,56199,2060,2084,4143,1966,1925,3886,1869,1840,3712,778,709,1488,96720,99051,195778,230,282,517,568,546,1115,203,226,428,34,32,60,104444,106684,211129,17328,19090,36418,2014,1831,3846,151480,156111,307594,83758,76670,160424,950838,968404,1919237
59799,259,11,272,0,0,0,3,0,3,3,0,3,4,0,6,0,0,0,45,7,53,0,0,0,0,0,0,0,0,0,0,0,0,62,8,69,11,0,15,0,0,0,73,12,84,71,8,80,408,26,434
59499,814,434,1248,245,154,396,99,104,201,67,62,132,142,130,274,45,37,78,808,594,1395,15,15,22,32,17,52,4,7,13,0,0,0,1209,962,2166,189,195,387,44,36,84,1691,1346,3036,1020,617,1636,3518,2398,5915
4RSAU,149177,147741,296920,9143,9881,19017,458,418,874,605,567,1174,507,500,1003,9311,9612,18928,375,349,726,69,77,147,255,266,523,19,23,44,0,0,0,11605,11812,23413,768,875,1640,432,375,803,21944,22938,44879,17330,15093,32432,188459,185775,374233
4GADE,495955,520058,1016016,13283,14143,27425,1733,1866,3602,1730,1688,3421,1339,1381,2723,54723,57413,112135,760,629,1385,165,193,358,573,607,1181,265,220,483,3,8,9,61296,63996,125286,9420,10532,19953,1278,1059,2334,85275,89735,175004,45307,45098,90405,626539,654893,1281431
49799,6,0,3,0,0,0,0,0,0,0,0,0,0,0,0,0,0,0,0,0,0,0,0,0,0,0,0,0,0,0,0,0,0,0,0,0,0,0,0,0,0,0,0,0,0,0,0,0,6,0,3
49499,366,183,552,144,83,221,35,26,64,25,30,58,54,52,102,461,380,839,21,15,44,8,6,12,13,13,30,0,0,0,0,0,0,618,528,1142,102,82,185,40,14,52,899,699,1592,466,238,700,1724,1122,2847
3RQLD,866942,886345,1753287,43666,47328,90996,10106,10799,20902,4590,4821,9411,116054,125097,241155,1437,1446,2882,2318,2357,4671,775,871,1651,1543,1502,3044,655,694,1342,18,21,40,137495,147610,285101,11768,13463,25234,3768,3325,7092,196690,211725,408424,119977,111191,231168,1183613,1209263,2392876
3GBRI,818685,849173,1667859,28719,30448,59169,7332,7514,14852,3432,3408,6840,127176,132916,260097,1184,1129,2316,1714,1605,3317,491,479,966,994,858,1854,716,694,1416,27,10,39,143064,148625,291690,19189,21559,40753,3282,2797,6079,194256,203427,397686,90588,87115,177702,1103532,1139715,2243244
39799,52,57,102,0,0,0,3,0,5,0,0,0,4,4,12,3,3,3,0,0,0,0,0,0,0,0,0,0,0,0,0,0,0,5,12,21,0,6,3,0,0,0,6,17,22,6,17,21,66,84,152
39499,1610,1127,2737,558,343,903,308,318,619,171,192,367,1677,1520,3196,48,57,106,161,146,306,28,35,59,54,41,100,7,14,25,3,0,3,2455,2331,4783,436,549,983,148,97,243,3598,3312,6907,1702,1098,2805,6908,5543,12454
2RVIC,541896,561765,1103667,29571,32472,62043,3343,3560,6900,45086,49498,94585,2394,2330,4723,1042,1067,2106,1034,1046,2075,365,408,777,564,556,1127,240,234,479,10,3,8,54074,58705,112780,3996,4216,8215,1306,1242,2548,88947,96643,185586,65226,63716,128947,696070,722128,1418197
2GMEL,1675034,1747492,3422525,50497,52284,102778,8403,8333,16735,199846,206094,405941,6185,6315,12506,2752,2696,5450,3753,3558,7310,1067,1187,2258,862,857,1714,1137,1249,2386,36,21,61,224040,230325,454361,50111,56381,106494,3908,3520,7425,328552,342514,671061,167709,168694,336404,2171294,2258700,4429994
29799,13,0,12,0,0,0,0,0,0,4,0,4,3,0,3,0,0,0,4,0,5,0,0,0,0,0,0,0,0,0,0,0,0,12,0,11,0,0,0,0,0,0,12,0,11,3,0,3,28,4,29
29499,810,544,1354,300,188,486,94,89,185,1046,961,2005,103,111,216,28,24,54,57,42,106,16,15,31,10,15,28,5,11,18,0,3,3,1368,1270,2645,331,340,666,94,64,159,2095,1859,3954,1374,795,2164,4279,3200,7480
1RNSW,993444,1027032,2020483,54343,59277,113623,89562,96010,185575,4486,4752,9237,8359,8630,16988,1025,897,1920,1509,1465,2978,441,460,903,767,755,1519,2614,2724,5332,39,35,75,108802,115716,224518,7862,8215,16071,3197,2933,6129,174202,186140,360342,119270,114671,233942,1286914,1327849,2614765
1GSYD,1813259,1882487,3695742,60632,61369,122002,207456,211339,418799,4826,4442,9270,5767,5662,11435,1613,1445,3057,2896,2429,5327,375,361,738,662,557,1220,1517,1583,3099,44,24,67,225169,227847,453015,57080,62773,119858,4667,4161,8823,347545,356145,703690,185879,179813,365693,2346680,2418449,4765127
19799,138,182,322,0,0,0,6,19,29,0,0,4,0,0,0,0,0,3,0,0,0,0,0,0,0,0,0,0,0,0,0,0,0,9,23,31,7,3,6,0,0,0,14,21,43,22,32,52,171,239,412
19499,1571,849,2420,430,257,688,1715,1489,3200,142,134,269,234,218,450,41,40,80,79,59,140,18,18,38,12,20,32,32,22,54,3,0,4,2271,1994,4263,508,493,1001,151,96,243,3356,2845,6200,2379,1210,3591,7308,4904,12213